{
  "schema": "aic_policy_ros.camera_intrinsics.v1",
  "header_frame_id": "left_camera/optical",
  "width": 1152,
  "height": 1024,
  "distortion_model": "plumb_bob",
  "d": [
    0.0,
    0.0,
    0.0,
    0.0,
    0.0
  ],
  "k": [
    1236.6316680908203,
    0.0,
    576.0,
    0.0,
    1236.6314697265625,
    512.0,
    0.0,
    0.0,
    1.0
  ],
  "r": [
    1.0,
    0.0,
    0.0,
    0.0,
    1.0,
    0.0,
    0.0,
    0.0,
    1.0
  ],
  "p": [
    1236.6316680908203,
    0.0,
    576.0,
    0.0,
    0.0,
    1236.6314697265625,
    512.0,
    0.0,
    0.0,
    0.0,
    1.0,
    0.0
  ]
}
